EMAIL,FIRSTNAME,SMS,ID,PRICE
shaifali0@gmail.com,def,9800000000,0,0
shaifali1@gmail.com,def,9800000001,1,10
shaifali2@gmail.com,def,9800000003,2,20
shaifali3@gmail.com,def,9800000006,3,30
shaifali4@gmail.com,def,9800000010,4,40
shaifali5@gmail.com,def,9800000015,5,50
shaifali6@gmail.com,def,9800000021,6,60
shaifali7@gmail.com,def,9800000028,7,70
shaifali8@gmail.com,def,9800000036,8,80
shaifali9@gmail.com,def,9800000045,9,90
shaifali10@gmail.com,def,9800000055,10,100
shaifali11@gmail.com,def,9800000066,11,110
shaifali12@gmail.com,def,9800000078,12,120
shaifali13@gmail.com,def,9800000091,13,130
shaifali14@gmail.com,def,9800000105,14,140
shaifali15@gmail.com,def,9800000120,15,150
shaifali16@gmail.com,def,9800000136,16,160
shaifali17@gmail.com,def,9800000153,17,170
shaifali18@gmail.com,def,9800000171,18,180
shaifali19@gmail.com,def,9800000190,19,190
shaifali20@gmail.com,def,9800000210,20,200
shaifali21@gmail.com,def,9800000231,21,210
shaifali22@gmail.com,def,9800000253,22,220
shaifali23@gmail.com,def,9800000276,23,230
shaifali24@gmail.com,def,9800000300,24,240
shaifali25@gmail.com,def,9800000325,25,250
shaifali26@gmail.com,def,9800000351,26,260
shaifali27@gmail.com,def,9800000378,27,270
shaifali28@gmail.com,def,9800000406,28,280
shaifali29@gmail.com,def,9800000435,29,290
shaifali30@gmail.com,def,9800000465,30,300
shaifali31@gmail.com,def,9800000496,31,310
shaifali32@gmail.com,def,9800000528,32,320
shaifali33@gmail.com,def,9800000561,33,330
shaifali34@gmail.com,def,9800000595,34,340
shaifali35@gmail.com,def,9800000630,35,350
shaifali36@gmail.com,def,9800000666,36,360
shaifali37@gmail.com,def,9800000703,37,370
shaifali38@gmail.com,def,9800000741,38,380
shaifali39@gmail.com,def,9800000780,39,390
shaifali40@gmail.com,def,9800000820,40,400
shaifali41@gmail.com,def,9800000861,41,410
shaifali42@gmail.com,def,9800000903,42,420
shaifali43@gmail.com,def,9800000946,43,430
shaifali44@gmail.com,def,9800000990,44,440
shaifali45@gmail.com,def,9800001035,45,450
shaifali46@gmail.com,def,9800001081,46,460
shaifali47@gmail.com,def,9800001128,47,470
shaifali48@gmail.com,def,9800001176,48,480
shaifali49@gmail.com,def,9800001225,49,490
shaifali50@gmail.com,def,9800001275,50,500
shaifali51@gmail.com,def,9800001326,51,510
shaifali52@gmail.com,def,9800001378,52,520
shaifali53@gmail.com,def,9800001431,53,530
shaifali54@gmail.com,def,9800001485,54,540
shaifali55@gmail.com,def,9800001540,55,550
shaifali56@gmail.com,def,9800001596,56,560
shaifali57@gmail.com,def,9800001653,57,570
shaifali58@gmail.com,def,9800001711,58,580
shaifali59@gmail.com,def,9800001770,59,590
shaifali60@gmail.com,def,9800001830,60,600
shaifali61@gmail.com,def,9800001891,61,610
shaifali62@gmail.com,def,9800001953,62,620
shaifali63@gmail.com,def,9800002016,63,630
shaifali64@gmail.com,def,9800002080,64,640
shaifali65@gmail.com,def,9800002145,65,650
shaifali66@gmail.com,def,9800002211,66,660
shaifali67@gmail.com,def,9800002278,67,670
shaifali68@gmail.com,def,9800002346,68,680
shaifali69@gmail.com,def,9800002415,69,690
shaifali70@gmail.com,def,9800002485,70,700
shaifali71@gmail.com,def,9800002556,71,710
shaifali72@gmail.com,def,9800002628,72,720
shaifali73@gmail.com,def,9800002701,73,730
shaifali74@gmail.com,def,9800002775,74,740
shaifali75@gmail.com,def,9800002850,75,750
shaifali76@gmail.com,def,9800002926,76,760
shaifali77@gmail.com,def,9800003003,77,770
shaifali78@gmail.com,def,9800003081,78,780
shaifali79@gmail.com,def,9800003160,79,790
shaifali80@gmail.com,def,9800003240,80,800
shaifali81@gmail.com,def,9800003321,81,810
shaifali82@gmail.com,def,9800003403,82,820
shaifali83@gmail.com,def,9800003486,83,830
shaifali84@gmail.com,def,9800003570,84,840
shaifali85@gmail.com,def,9800003655,85,850
shaifali86@gmail.com,def,9800003741,86,860
shaifali87@gmail.com,def,9800003828,87,870
shaifali88@gmail.com,def,9800003916,88,880
shaifali89@gmail.com,def,9800004005,89,890
shaifali90@gmail.com,def,9800004095,90,900
shaifali91@gmail.com,def,9800004186,91,910
shaifali92@gmail.com,def,9800004278,92,920
shaifali93@gmail.com,def,9800004371,93,930
shaifali94@gmail.com,def,9800004465,94,940
shaifali95@gmail.com,def,9800004560,95,950
shaifali96@gmail.com,def,9800004656,96,960
shaifali97@gmail.com,def,9800004753,97,970
shaifali98@gmail.com,def,9800004851,98,980
shaifali99@gmail.com,def,9800004950,99,990
shaifali100@gmail.com,def,9800005050,100,1000
shaifali101@gmail.com,def,9800005151,101,1010
shaifali102@gmail.com,def,9800005253,102,1020
shaifali103@gmail.com,def,9800005356,103,1030
shaifali104@gmail.com,def,9800005460,104,1040
shaifali105@gmail.com,def,9800005565,105,1050
shaifali106@gmail.com,def,9800005671,106,1060
shaifali107@gmail.com,def,9800005778,107,1070
shaifali108@gmail.com,def,9800005886,108,1080
shaifali109@gmail.com,def,9800005995,109,1090
shaifali110@gmail.com,def,9800006105,110,1100
shaifali111@gmail.com,def,9800006216,111,1110
shaifali112@gmail.com,def,9800006328,112,1120
shaifali113@gmail.com,def,9800006441,113,1130
shaifali114@gmail.com,def,9800006555,114,1140
shaifali115@gmail.com,def,9800006670,115,1150
shaifali116@gmail.com,def,9800006786,116,1160
shaifali117@gmail.com,def,9800006903,117,1170
shaifali118@gmail.com,def,9800007021,118,1180
shaifali119@gmail.com,def,9800007140,119,1190
shaifali120@gmail.com,def,9800007260,120,1200
shaifali121@gmail.com,def,9800007381,121,1210
shaifali122@gmail.com,def,9800007503,122,1220
shaifali123@gmail.com,def,9800007626,123,1230
shaifali124@gmail.com,def,9800007750,124,1240
shaifali125@gmail.com,def,9800007875,125,1250
shaifali126@gmail.com,def,9800008001,126,1260
shaifali127@gmail.com,def,9800008128,127,1270
shaifali128@gmail.com,def,9800008256,128,1280
shaifali129@gmail.com,def,9800008385,129,1290
shaifali130@gmail.com,def,9800008515,130,1300
shaifali131@gmail.com,def,9800008646,131,1310
shaifali132@gmail.com,def,9800008778,132,1320
shaifali133@gmail.com,def,9800008911,133,1330
shaifali134@gmail.com,def,9800009045,134,1340
shaifali135@gmail.com,def,9800009180,135,1350
shaifali136@gmail.com,def,9800009316,136,1360
shaifali137@gmail.com,def,9800009453,137,1370
shaifali138@gmail.com,def,9800009591,138,1380
shaifali139@gmail.com,def,9800009730,139,1390
shaifali140@gmail.com,def,9800009870,140,1400
shaifali141@gmail.com,def,9800010011,141,1410
shaifali142@gmail.com,def,9800010153,142,1420
shaifali143@gmail.com,def,9800010296,143,1430
shaifali144@gmail.com,def,9800010440,144,1440
shaifali145@gmail.com,def,9800010585,145,1450
shaifali146@gmail.com,def,9800010731,146,1460
shaifali147@gmail.com,def,9800010878,147,1470
shaifali148@gmail.com,def,9800011026,148,1480
shaifali149@gmail.com,def,9800011175,149,1490
shaifali150@gmail.com,def,9800011325,150,1500
shaifali151@gmail.com,def,9800011476,151,1510
shaifali152@gmail.com,def,9800011628,152,1520
shaifali153@gmail.com,def,9800011781,153,1530
shaifali154@gmail.com,def,9800011935,154,1540
shaifali155@gmail.com,def,9800012090,155,1550
shaifali156@gmail.com,def,9800012246,156,1560
shaifali157@gmail.com,def,9800012403,157,1570
shaifali158@gmail.com,def,9800012561,158,1580
shaifali159@gmail.com,def,9800012720,159,1590
shaifali160@gmail.com,def,9800012880,160,1600
shaifali161@gmail.com,def,9800013041,161,1610
shaifali162@gmail.com,def,9800013203,162,1620
shaifali163@gmail.com,def,9800013366,163,1630
shaifali164@gmail.com,def,9800013530,164,1640
shaifali165@gmail.com,def,9800013695,165,1650
shaifali166@gmail.com,def,9800013861,166,1660
shaifali167@gmail.com,def,9800014028,167,1670
shaifali168@gmail.com,def,9800014196,168,1680
shaifali169@gmail.com,def,9800014365,169,1690
shaifali170@gmail.com,def,9800014535,170,1700
shaifali171@gmail.com,def,9800014706,171,1710
shaifali172@gmail.com,def,9800014878,172,1720
shaifali173@gmail.com,def,9800015051,173,1730
shaifali174@gmail.com,def,9800015225,174,1740
shaifali175@gmail.com,def,9800015400,175,1750
shaifali176@gmail.com,def,9800015576,176,1760
shaifali177@gmail.com,def,9800015753,177,1770
shaifali178@gmail.com,def,9800015931,178,1780
shaifali179@gmail.com,def,9800016110,179,1790
shaifali180@gmail.com,def,9800016290,180,1800
shaifali181@gmail.com,def,9800016471,181,1810
shaifali182@gmail.com,def,9800016653,182,1820
shaifali183@gmail.com,def,9800016836,183,1830
shaifali184@gmail.com,def,9800017020,184,1840
shaifali185@gmail.com,def,9800017205,185,1850
shaifali186@gmail.com,def,9800017391,186,1860
shaifali187@gmail.com,def,9800017578,187,1870
shaifali188@gmail.com,def,9800017766,188,1880
shaifali189@gmail.com,def,9800017955,189,1890
shaifali190@gmail.com,def,9800018145,190,1900
shaifali191@gmail.com,def,9800018336,191,1910
shaifali192@gmail.com,def,9800018528,192,1920
shaifali193@gmail.com,def,9800018721,193,1930
shaifali194@gmail.com,def,9800018915,194,1940
shaifali195@gmail.com,def,9800019110,195,1950
shaifali196@gmail.com,def,9800019306,196,1960
shaifali197@gmail.com,def,9800019503,197,1970
shaifali198@gmail.com,def,9800019701,198,1980
shaifali199@gmail.com,def,9800019900,199,1990
shaifali200@gmail.com,def,9800020100,200,2000
shaifali201@gmail.com,def,9800020301,201,2010
shaifali202@gmail.com,def,9800020503,202,2020
shaifali203@gmail.com,def,9800020706,203,2030
shaifali204@gmail.com,def,9800020910,204,2040
shaifali205@gmail.com,def,9800021115,205,2050
shaifali206@gmail.com,def,9800021321,206,2060
shaifali207@gmail.com,def,9800021528,207,2070
shaifali208@gmail.com,def,9800021736,208,2080
shaifali209@gmail.com,def,9800021945,209,2090
shaifali210@gmail.com,def,9800022155,210,2100
shaifali211@gmail.com,def,9800022366,211,2110
shaifali212@gmail.com,def,9800022578,212,2120
shaifali213@gmail.com,def,9800022791,213,2130
shaifali214@gmail.com,def,9800023005,214,2140
shaifali215@gmail.com,def,9800023220,215,2150
shaifali216@gmail.com,def,9800023436,216,2160
shaifali217@gmail.com,def,9800023653,217,2170
shaifali218@gmail.com,def,9800023871,218,2180
shaifali219@gmail.com,def,9800024090,219,2190
shaifali220@gmail.com,def,9800024310,220,2200
shaifali221@gmail.com,def,9800024531,221,2210
shaifali222@gmail.com,def,9800024753,222,2220
shaifali223@gmail.com,def,9800024976,223,2230
shaifali224@gmail.com,def,9800025200,224,2240
shaifali225@gmail.com,def,9800025425,225,2250
shaifali226@gmail.com,def,9800025651,226,2260
shaifali227@gmail.com,def,9800025878,227,2270
shaifali228@gmail.com,def,9800026106,228,2280
shaifali229@gmail.com,def,9800026335,229,2290
shaifali230@gmail.com,def,9800026565,230,2300
shaifali231@gmail.com,def,9800026796,231,2310
shaifali232@gmail.com,def,9800027028,232,2320
shaifali233@gmail.com,def,9800027261,233,2330
shaifali234@gmail.com,def,9800027495,234,2340
shaifali235@gmail.com,def,9800027730,235,2350
shaifali236@gmail.com,def,9800027966,236,2360
shaifali237@gmail.com,def,9800028203,237,2370
shaifali238@gmail.com,def,9800028441,238,2380
shaifali239@gmail.com,def,9800028680,239,2390
shaifali240@gmail.com,def,9800028920,240,2400
shaifali241@gmail.com,def,9800029161,241,2410
shaifali242@gmail.com,def,9800029403,242,2420
shaifali243@gmail.com,def,9800029646,243,2430
shaifali244@gmail.com,def,9800029890,244,2440
shaifali245@gmail.com,def,9800030135,245,2450
shaifali246@gmail.com,def,9800030381,246,2460
shaifali247@gmail.com,def,9800030628,247,2470
shaifali248@gmail.com,def,9800030876,248,2480
shaifali249@gmail.com,def,9800031125,249,2490
shaifali250@gmail.com,def,9800031375,250,2500
shaifali251@gmail.com,def,9800031626,251,2510
shaifali252@gmail.com,def,9800031878,252,2520
shaifali253@gmail.com,def,9800032131,253,2530
shaifali254@gmail.com,def,9800032385,254,2540
shaifali255@gmail.com,def,9800032640,255,2550
shaifali256@gmail.com,def,9800032896,256,2560
shaifali257@gmail.com,def,9800033153,257,2570
shaifali258@gmail.com,def,9800033411,258,2580
shaifali259@gmail.com,def,9800033670,259,2590
shaifali260@gmail.com,def,9800033930,260,2600
shaifali261@gmail.com,def,9800034191,261,2610
shaifali262@gmail.com,def,9800034453,262,2620
shaifali263@gmail.com,def,9800034716,263,2630
shaifali264@gmail.com,def,9800034980,264,2640
shaifali265@gmail.com,def,9800035245,265,2650
shaifali266@gmail.com,def,9800035511,266,2660
shaifali267@gmail.com,def,9800035778,267,2670
shaifali268@gmail.com,def,9800036046,268,2680
shaifali269@gmail.com,def,9800036315,269,2690
shaifali270@gmail.com,def,9800036585,270,2700
shaifali271@gmail.com,def,9800036856,271,2710
shaifali272@gmail.com,def,9800037128,272,2720
shaifali273@gmail.com,def,9800037401,273,2730
shaifali274@gmail.com,def,9800037675,274,2740
shaifali275@gmail.com,def,9800037950,275,2750
shaifali276@gmail.com,def,9800038226,276,2760
shaifali277@gmail.com,def,9800038503,277,2770
shaifali278@gmail.com,def,9800038781,278,2780
shaifali279@gmail.com,def,9800039060,279,2790
shaifali280@gmail.com,def,9800039340,280,2800
shaifali281@gmail.com,def,9800039621,281,2810
shaifali282@gmail.com,def,9800039903,282,2820
shaifali283@gmail.com,def,9800040186,283,2830
shaifali284@gmail.com,def,9800040470,284,2840
shaifali285@gmail.com,def,9800040755,285,2850
shaifali286@gmail.com,def,9800041041,286,2860
shaifali287@gmail.com,def,9800041328,287,2870
shaifali288@gmail.com,def,9800041616,288,2880
shaifali289@gmail.com,def,9800041905,289,2890
shaifali290@gmail.com,def,9800042195,290,2900
shaifali291@gmail.com,def,9800042486,291,2910
shaifali292@gmail.com,def,9800042778,292,2920
shaifali293@gmail.com,def,9800043071,293,2930
shaifali294@gmail.com,def,9800043365,294,2940
shaifali295@gmail.com,def,9800043660,295,2950
shaifali296@gmail.com,def,9800043956,296,2960
shaifali297@gmail.com,def,9800044253,297,2970
shaifali298@gmail.com,def,9800044551,298,2980
shaifali299@gmail.com,def,9800044850,299,2990
shaifali300@gmail.com,def,9800045150,300,3000
shaifali301@gmail.com,def,9800045451,301,3010
shaifali302@gmail.com,def,9800045753,302,3020
shaifali303@gmail.com,def,9800046056,303,3030
shaifali304@gmail.com,def,9800046360,304,3040
shaifali305@gmail.com,def,9800046665,305,3050
shaifali306@gmail.com,def,9800046971,306,3060
shaifali307@gmail.com,def,9800047278,307,3070
shaifali308@gmail.com,def,9800047586,308,3080
shaifali309@gmail.com,def,9800047895,309,3090
shaifali310@gmail.com,def,9800048205,310,3100
shaifali311@gmail.com,def,9800048516,311,3110
shaifali312@gmail.com,def,9800048828,312,3120
shaifali313@gmail.com,def,9800049141,313,3130
shaifali314@gmail.com,def,9800049455,314,3140
shaifali315@gmail.com,def,9800049770,315,3150
shaifali316@gmail.com,def,9800050086,316,3160
shaifali317@gmail.com,def,9800050403,317,3170
shaifali318@gmail.com,def,9800050721,318,3180
shaifali319@gmail.com,def,9800051040,319,3190
shaifali320@gmail.com,def,9800051360,320,3200
shaifali321@gmail.com,def,9800051681,321,3210
shaifali322@gmail.com,def,9800052003,322,3220
shaifali323@gmail.com,def,9800052326,323,3230
shaifali324@gmail.com,def,9800052650,324,3240
shaifali325@gmail.com,def,9800052975,325,3250
shaifali326@gmail.com,def,9800053301,326,3260
shaifali327@gmail.com,def,9800053628,327,3270
shaifali328@gmail.com,def,9800053956,328,3280
shaifali329@gmail.com,def,9800054285,329,3290
shaifali330@gmail.com,def,9800054615,330,3300
shaifali331@gmail.com,def,9800054946,331,3310
shaifali332@gmail.com,def,9800055278,332,3320
shaifali333@gmail.com,def,9800055611,333,3330
shaifali334@gmail.com,def,9800055945,334,3340
shaifali335@gmail.com,def,9800056280,335,3350
shaifali336@gmail.com,def,9800056616,336,3360
shaifali337@gmail.com,def,9800056953,337,3370
shaifali338@gmail.com,def,9800057291,338,3380
shaifali339@gmail.com,def,9800057630,339,3390
shaifali340@gmail.com,def,9800057970,340,3400
shaifali341@gmail.com,def,9800058311,341,3410
shaifali342@gmail.com,def,9800058653,342,3420
shaifali343@gmail.com,def,9800058996,343,3430
shaifali344@gmail.com,def,9800059340,344,3440
shaifali345@gmail.com,def,9800059685,345,3450
shaifali346@gmail.com,def,9800060031,346,3460
shaifali347@gmail.com,def,9800060378,347,3470
shaifali348@gmail.com,def,9800060726,348,3480
shaifali349@gmail.com,def,9800061075,349,3490
shaifali350@gmail.com,def,9800061425,350,3500
shaifali351@gmail.com,def,9800061776,351,3510
shaifali352@gmail.com,def,9800062128,352,3520
shaifali353@gmail.com,def,9800062481,353,3530
shaifali354@gmail.com,def,9800062835,354,3540
shaifali355@gmail.com,def,9800063190,355,3550
shaifali356@gmail.com,def,9800063546,356,3560
shaifali357@gmail.com,def,9800063903,357,3570
shaifali358@gmail.com,def,9800064261,358,3580
shaifali359@gmail.com,def,9800064620,359,3590
shaifali360@gmail.com,def,9800064980,360,3600
shaifali361@gmail.com,def,9800065341,361,3610
shaifali362@gmail.com,def,9800065703,362,3620
shaifali363@gmail.com,def,9800066066,363,3630
shaifali364@gmail.com,def,9800066430,364,3640
shaifali365@gmail.com,def,9800066795,365,3650
shaifali366@gmail.com,def,9800067161,366,3660
shaifali367@gmail.com,def,9800067528,367,3670
shaifali368@gmail.com,def,9800067896,368,3680
shaifali369@gmail.com,def,9800068265,369,3690
shaifali370@gmail.com,def,9800068635,370,3700
shaifali371@gmail.com,def,9800069006,371,3710
shaifali372@gmail.com,def,9800069378,372,3720
shaifali373@gmail.com,def,9800069751,373,3730
shaifali374@gmail.com,def,9800070125,374,3740
shaifali375@gmail.com,def,9800070500,375,3750
shaifali376@gmail.com,def,9800070876,376,3760
shaifali377@gmail.com,def,9800071253,377,3770
shaifali378@gmail.com,def,9800071631,378,3780
shaifali379@gmail.com,def,9800072010,379,3790
shaifali380@gmail.com,def,9800072390,380,3800
shaifali381@gmail.com,def,9800072771,381,3810
shaifali382@gmail.com,def,9800073153,382,3820
shaifali383@gmail.com,def,9800073536,383,3830
shaifali384@gmail.com,def,9800073920,384,3840
shaifali385@gmail.com,def,9800074305,385,3850
shaifali386@gmail.com,def,9800074691,386,3860
shaifali387@gmail.com,def,9800075078,387,3870
shaifali388@gmail.com,def,9800075466,388,3880
shaifali389@gmail.com,def,9800075855,389,3890
shaifali390@gmail.com,def,9800076245,390,3900
shaifali391@gmail.com,def,9800076636,391,3910
shaifali392@gmail.com,def,9800077028,392,3920
shaifali393@gmail.com,def,9800077421,393,3930
shaifali394@gmail.com,def,9800077815,394,3940
shaifali395@gmail.com,def,9800078210,395,3950
shaifali396@gmail.com,def,9800078606,396,3960
shaifali397@gmail.com,def,9800079003,397,3970
shaifali398@gmail.com,def,9800079401,398,3980
shaifali399@gmail.com,def,9800079800,399,3990
shaifali400@gmail.com,def,9800080200,400,4000
shaifali401@gmail.com,def,9800080601,401,4010
shaifali402@gmail.com,def,9800081003,402,4020
shaifali403@gmail.com,def,9800081406,403,4030
shaifali404@gmail.com,def,9800081810,404,4040
shaifali405@gmail.com,def,9800082215,405,4050
shaifali406@gmail.com,def,9800082621,406,4060
shaifali407@gmail.com,def,9800083028,407,4070
shaifali408@gmail.com,def,9800083436,408,4080
shaifali409@gmail.com,def,9800083845,409,4090
shaifali410@gmail.com,def,9800084255,410,4100
shaifali411@gmail.com,def,9800084666,411,4110
shaifali412@gmail.com,def,9800085078,412,4120
shaifali413@gmail.com,def,9800085491,413,4130
shaifali414@gmail.com,def,9800085905,414,4140
shaifali415@gmail.com,def,9800086320,415,4150
shaifali416@gmail.com,def,9800086736,416,4160
shaifali417@gmail.com,def,9800087153,417,4170
shaifali418@gmail.com,def,9800087571,418,4180
shaifali419@gmail.com,def,9800087990,419,4190
shaifali420@gmail.com,def,9800088410,420,4200
shaifali421@gmail.com,def,9800088831,421,4210
shaifali422@gmail.com,def,9800089253,422,4220
shaifali423@gmail.com,def,9800089676,423,4230
shaifali424@gmail.com,def,9800090100,424,4240
shaifali425@gmail.com,def,9800090525,425,4250
shaifali426@gmail.com,def,9800090951,426,4260
shaifali427@gmail.com,def,9800091378,427,4270
shaifali428@gmail.com,def,9800091806,428,4280
shaifali429@gmail.com,def,9800092235,429,4290
shaifali430@gmail.com,def,9800092665,430,4300
shaifali431@gmail.com,def,9800093096,431,4310
shaifali432@gmail.com,def,9800093528,432,4320
shaifali433@gmail.com,def,9800093961,433,4330
shaifali434@gmail.com,def,9800094395,434,4340
shaifali435@gmail.com,def,9800094830,435,4350
shaifali436@gmail.com,def,9800095266,436,4360
shaifali437@gmail.com,def,9800095703,437,4370
shaifali438@gmail.com,def,9800096141,438,4380
shaifali439@gmail.com,def,9800096580,439,4390
shaifali440@gmail.com,def,9800097020,440,4400
shaifali441@gmail.com,def,9800097461,441,4410
shaifali442@gmail.com,def,9800097903,442,4420
shaifali443@gmail.com,def,9800098346,443,4430
shaifali444@gmail.com,def,9800098790,444,4440
shaifali445@gmail.com,def,9800099235,445,4450
shaifali446@gmail.com,def,9800099681,446,4460
shaifali447@gmail.com,def,9800100128,447,4470
shaifali448@gmail.com,def,9800100576,448,4480
shaifali449@gmail.com,def,9800101025,449,4490
shaifali450@gmail.com,def,9800101475,450,4500
shaifali451@gmail.com,def,9800101926,451,4510
shaifali452@gmail.com,def,9800102378,452,4520
shaifali453@gmail.com,def,9800102831,453,4530
shaifali454@gmail.com,def,9800103285,454,4540
shaifali455@gmail.com,def,9800103740,455,4550
shaifali456@gmail.com,def,9800104196,456,4560
shaifali457@gmail.com,def,9800104653,457,4570
shaifali458@gmail.com,def,9800105111,458,4580
shaifali459@gmail.com,def,9800105570,459,4590
shaifali460@gmail.com,def,9800106030,460,4600
shaifali461@gmail.com,def,9800106491,461,4610
shaifali462@gmail.com,def,9800106953,462,4620
shaifali463@gmail.com,def,9800107416,463,4630
shaifali464@gmail.com,def,9800107880,464,4640
shaifali465@gmail.com,def,9800108345,465,4650
shaifali466@gmail.com,def,9800108811,466,4660
shaifali467@gmail.com,def,9800109278,467,4670
shaifali468@gmail.com,def,9800109746,468,4680
shaifali469@gmail.com,def,9800110215,469,4690
shaifali470@gmail.com,def,9800110685,470,4700
shaifali471@gmail.com,def,9800111156,471,4710
shaifali472@gmail.com,def,9800111628,472,4720
shaifali473@gmail.com,def,9800112101,473,4730
shaifali474@gmail.com,def,9800112575,474,4740
shaifali475@gmail.com,def,9800113050,475,4750
shaifali476@gmail.com,def,9800113526,476,4760
shaifali477@gmail.com,def,9800114003,477,4770
shaifali478@gmail.com,def,9800114481,478,4780
shaifali479@gmail.com,def,9800114960,479,4790
shaifali480@gmail.com,def,9800115440,480,4800
shaifali481@gmail.com,def,9800115921,481,4810
shaifali482@gmail.com,def,9800116403,482,4820
shaifali483@gmail.com,def,9800116886,483,4830
shaifali484@gmail.com,def,9800117370,484,4840
shaifali485@gmail.com,def,9800117855,485,4850
shaifali486@gmail.com,def,9800118341,486,4860
shaifali487@gmail.com,def,9800118828,487,4870
shaifali488@gmail.com,def,9800119316,488,4880
shaifali489@gmail.com,def,9800119805,489,4890
shaifali490@gmail.com,def,9800120295,490,4900
shaifali491@gmail.com,def,9800120786,491,4910
shaifali492@gmail.com,def,9800121278,492,4920
shaifali493@gmail.com,def,9800121771,493,4930
shaifali494@gmail.com,def,9800122265,494,4940
shaifali495@gmail.com,def,9800122760,495,4950
shaifali496@gmail.com,def,9800123256,496,4960
shaifali497@gmail.com,def,9800123753,497,4970
shaifali498@gmail.com,def,9800124251,498,4980
shaifali499@gmail.com,def,9800124750,499,4990
shaifali500@gmail.com,def,9800125250,500,5000
shaifali501@gmail.com,def,9800125751,501,5010
shaifali502@gmail.com,def,9800126253,502,5020
shaifali503@gmail.com,def,9800126756,503,5030
shaifali504@gmail.com,def,9800127260,504,5040
shaifali505@gmail.com,def,9800127765,505,5050
shaifali506@gmail.com,def,9800128271,506,5060
shaifali507@gmail.com,def,9800128778,507,5070
shaifali508@gmail.com,def,9800129286,508,5080
shaifali509@gmail.com,def,9800129795,509,5090
shaifali510@gmail.com,def,9800130305,510,5100
shaifali511@gmail.com,def,9800130816,511,5110
shaifali512@gmail.com,def,9800131328,512,5120
shaifali513@gmail.com,def,9800131841,513,5130
shaifali514@gmail.com,def,9800132355,514,5140
shaifali515@gmail.com,def,9800132870,515,5150
shaifali516@gmail.com,def,9800133386,516,5160
shaifali517@gmail.com,def,9800133903,517,5170
shaifali518@gmail.com,def,9800134421,518,5180
shaifali519@gmail.com,def,9800134940,519,5190
shaifali520@gmail.com,def,9800135460,520,5200
shaifali521@gmail.com,def,9800135981,521,5210
shaifali522@gmail.com,def,9800136503,522,5220
shaifali523@gmail.com,def,9800137026,523,5230
shaifali524@gmail.com,def,9800137550,524,5240
shaifali525@gmail.com,def,9800138075,525,5250
shaifali526@gmail.com,def,9800138601,526,5260
shaifali527@gmail.com,def,9800139128,527,5270
shaifali528@gmail.com,def,9800139656,528,5280
shaifali529@gmail.com,def,9800140185,529,5290
shaifali530@gmail.com,def,9800140715,530,5300
shaifali531@gmail.com,def,9800141246,531,5310
shaifali532@gmail.com,def,9800141778,532,5320
shaifali533@gmail.com,def,9800142311,533,5330
shaifali534@gmail.com,def,9800142845,534,5340
shaifali535@gmail.com,def,9800143380,535,5350
shaifali536@gmail.com,def,9800143916,536,5360
shaifali537@gmail.com,def,9800144453,537,5370
shaifali538@gmail.com,def,9800144991,538,5380
shaifali539@gmail.com,def,9800145530,539,5390
shaifali540@gmail.com,def,9800146070,540,5400
shaifali541@gmail.com,def,9800146611,541,5410
shaifali542@gmail.com,def,9800147153,542,5420
shaifali543@gmail.com,def,9800147696,543,5430
shaifali544@gmail.com,def,9800148240,544,5440
shaifali545@gmail.com,def,9800148785,545,5450
shaifali546@gmail.com,def,9800149331,546,5460
shaifali547@gmail.com,def,9800149878,547,5470
shaifali548@gmail.com,def,9800150426,548,5480
shaifali549@gmail.com,def,9800150975,549,5490
shaifali550@gmail.com,def,9800151525,550,5500
shaifali551@gmail.com,def,9800152076,551,5510
shaifali552@gmail.com,def,9800152628,552,5520
shaifali553@gmail.com,def,9800153181,553,5530
shaifali554@gmail.com,def,9800153735,554,5540
shaifali555@gmail.com,def,9800154290,555,5550
shaifali556@gmail.com,def,9800154846,556,5560
shaifali557@gmail.com,def,9800155403,557,5570
shaifali558@gmail.com,def,9800155961,558,5580
shaifali559@gmail.com,def,9800156520,559,5590
shaifali560@gmail.com,def,9800157080,560,5600
shaifali561@gmail.com,def,9800157641,561,5610
shaifali562@gmail.com,def,9800158203,562,5620
shaifali563@gmail.com,def,9800158766,563,5630
shaifali564@gmail.com,def,9800159330,564,5640
shaifali565@gmail.com,def,9800159895,565,5650
shaifali566@gmail.com,def,9800160461,566,5660
shaifali567@gmail.com,def,9800161028,567,5670
shaifali568@gmail.com,def,9800161596,568,5680
shaifali569@gmail.com,def,9800162165,569,5690
shaifali570@gmail.com,def,9800162735,570,5700
shaifali571@gmail.com,def,9800163306,571,5710
shaifali572@gmail.com,def,9800163878,572,5720
shaifali573@gmail.com,def,9800164451,573,5730
shaifali574@gmail.com,def,9800165025,574,5740
shaifali575@gmail.com,def,9800165600,575,5750
shaifali576@gmail.com,def,9800166176,576,5760
shaifali577@gmail.com,def,9800166753,577,5770
shaifali578@gmail.com,def,9800167331,578,5780
shaifali579@gmail.com,def,9800167910,579,5790
shaifali580@gmail.com,def,9800168490,580,5800
shaifali581@gmail.com,def,9800169071,581,5810
shaifali582@gmail.com,def,9800169653,582,5820
shaifali583@gmail.com,def,9800170236,583,5830
shaifali584@gmail.com,def,9800170820,584,5840
shaifali585@gmail.com,def,9800171405,585,5850
shaifali586@gmail.com,def,9800171991,586,5860
shaifali587@gmail.com,def,9800172578,587,5870
shaifali588@gmail.com,def,9800173166,588,5880
shaifali589@gmail.com,def,9800173755,589,5890
shaifali590@gmail.com,def,9800174345,590,5900
shaifali591@gmail.com,def,9800174936,591,5910
shaifali592@gmail.com,def,9800175528,592,5920
shaifali593@gmail.com,def,9800176121,593,5930
shaifali594@gmail.com,def,9800176715,594,5940
shaifali595@gmail.com,def,9800177310,595,5950
shaifali596@gmail.com,def,9800177906,596,5960
shaifali597@gmail.com,def,9800178503,597,5970
shaifali598@gmail.com,def,9800179101,598,5980
shaifali599@gmail.com,def,9800179700,599,5990
shaifali600@gmail.com,def,9800180300,600,6000
shaifali601@gmail.com,def,9800180901,601,6010
shaifali602@gmail.com,def,9800181503,602,6020
shaifali603@gmail.com,def,9800182106,603,6030
shaifali604@gmail.com,def,9800182710,604,6040
shaifali605@gmail.com,def,9800183315,605,6050
shaifali606@gmail.com,def,9800183921,606,6060
shaifali607@gmail.com,def,9800184528,607,6070
shaifali608@gmail.com,def,9800185136,608,6080
shaifali609@gmail.com,def,9800185745,609,6090
shaifali610@gmail.com,def,9800186355,610,6100
shaifali611@gmail.com,def,9800186966,611,6110
shaifali612@gmail.com,def,9800187578,612,6120
shaifali613@gmail.com,def,9800188191,613,6130
shaifali614@gmail.com,def,9800188805,614,6140
shaifali615@gmail.com,def,9800189420,615,6150
shaifali616@gmail.com,def,9800190036,616,6160
shaifali617@gmail.com,def,9800190653,617,6170
shaifali618@gmail.com,def,9800191271,618,6180
shaifali619@gmail.com,def,9800191890,619,6190
shaifali620@gmail.com,def,9800192510,620,6200
shaifali621@gmail.com,def,9800193131,621,6210
shaifali622@gmail.com,def,9800193753,622,6220
shaifali623@gmail.com,def,9800194376,623,6230
shaifali624@gmail.com,def,9800195000,624,6240
shaifali625@gmail.com,def,9800195625,625,6250
shaifali626@gmail.com,def,9800196251,626,6260
shaifali627@gmail.com,def,9800196878,627,6270
shaifali628@gmail.com,def,9800197506,628,6280
shaifali629@gmail.com,def,9800198135,629,6290
shaifali630@gmail.com,def,9800198765,630,6300
shaifali631@gmail.com,def,9800199396,631,6310
shaifali632@gmail.com,def,9800200028,632,6320
shaifali633@gmail.com,def,9800200661,633,6330
shaifali634@gmail.com,def,9800201295,634,6340
shaifali635@gmail.com,def,9800201930,635,6350
shaifali636@gmail.com,def,9800202566,636,6360
shaifali637@gmail.com,def,9800203203,637,6370
shaifali638@gmail.com,def,9800203841,638,6380
shaifali639@gmail.com,def,9800204480,639,6390
shaifali640@gmail.com,def,9800205120,640,6400
shaifali641@gmail.com,def,9800205761,641,6410
shaifali642@gmail.com,def,9800206403,642,6420
shaifali643@gmail.com,def,9800207046,643,6430
shaifali644@gmail.com,def,9800207690,644,6440
shaifali645@gmail.com,def,9800208335,645,6450
shaifali646@gmail.com,def,9800208981,646,6460
shaifali647@gmail.com,def,9800209628,647,6470
shaifali648@gmail.com,def,9800210276,648,6480
shaifali649@gmail.com,def,9800210925,649,6490
shaifali650@gmail.com,def,9800211575,650,6500
shaifali651@gmail.com,def,9800212226,651,6510
shaifali652@gmail.com,def,9800212878,652,6520
shaifali653@gmail.com,def,9800213531,653,6530
shaifali654@gmail.com,def,9800214185,654,6540
shaifali655@gmail.com,def,9800214840,655,6550
shaifali656@gmail.com,def,9800215496,656,6560
shaifali657@gmail.com,def,9800216153,657,6570
shaifali658@gmail.com,def,9800216811,658,6580
shaifali659@gmail.com,def,9800217470,659,6590
shaifali660@gmail.com,def,9800218130,660,6600
shaifali661@gmail.com,def,9800218791,661,6610
shaifali662@gmail.com,def,9800219453,662,6620
shaifali663@gmail.com,def,9800220116,663,6630
shaifali664@gmail.com,def,9800220780,664,6640
shaifali665@gmail.com,def,9800221445,665,6650
shaifali666@gmail.com,def,9800222111,666,6660
shaifali667@gmail.com,def,9800222778,667,6670
shaifali668@gmail.com,def,9800223446,668,6680
shaifali669@gmail.com,def,9800224115,669,6690
shaifali670@gmail.com,def,9800224785,670,6700
shaifali671@gmail.com,def,9800225456,671,6710
shaifali672@gmail.com,def,9800226128,672,6720
shaifali673@gmail.com,def,9800226801,673,6730
shaifali674@gmail.com,def,9800227475,674,6740
shaifali675@gmail.com,def,9800228150,675,6750
shaifali676@gmail.com,def,9800228826,676,6760
shaifali677@gmail.com,def,9800229503,677,6770
shaifali678@gmail.com,def,9800230181,678,6780
shaifali679@gmail.com,def,9800230860,679,6790
shaifali680@gmail.com,def,9800231540,680,6800
shaifali681@gmail.com,def,9800232221,681,6810
shaifali682@gmail.com,def,9800232903,682,6820
shaifali683@gmail.com,def,9800233586,683,6830
shaifali684@gmail.com,def,9800234270,684,6840
shaifali685@gmail.com,def,9800234955,685,6850
shaifali686@gmail.com,def,9800235641,686,6860
shaifali687@gmail.com,def,9800236328,687,6870
shaifali688@gmail.com,def,9800237016,688,6880
shaifali689@gmail.com,def,9800237705,689,6890
shaifali690@gmail.com,def,9800238395,690,6900
shaifali691@gmail.com,def,9800239086,691,6910
shaifali692@gmail.com,def,9800239778,692,6920
shaifali693@gmail.com,def,9800240471,693,6930
shaifali694@gmail.com,def,9800241165,694,6940
shaifali695@gmail.com,def,9800241860,695,6950
shaifali696@gmail.com,def,9800242556,696,6960
shaifali697@gmail.com,def,9800243253,697,6970
shaifali698@gmail.com,def,9800243951,698,6980
shaifali699@gmail.com,def,9800244650,699,6990
shaifali700@gmail.com,def,9800245350,700,7000
shaifali701@gmail.com,def,9800246051,701,7010
shaifali702@gmail.com,def,9800246753,702,7020
shaifali703@gmail.com,def,9800247456,703,7030
shaifali704@gmail.com,def,9800248160,704,7040
shaifali705@gmail.com,def,9800248865,705,7050
shaifali706@gmail.com,def,9800249571,706,7060
shaifali707@gmail.com,def,9800250278,707,7070
shaifali708@gmail.com,def,9800250986,708,7080
shaifali709@gmail.com,def,9800251695,709,7090
shaifali710@gmail.com,def,9800252405,710,7100
shaifali711@gmail.com,def,9800253116,711,7110
shaifali712@gmail.com,def,9800253828,712,7120
shaifali713@gmail.com,def,9800254541,713,7130
shaifali714@gmail.com,def,9800255255,714,7140
shaifali715@gmail.com,def,9800255970,715,7150
shaifali716@gmail.com,def,9800256686,716,7160
shaifali717@gmail.com,def,9800257403,717,7170
shaifali718@gmail.com,def,9800258121,718,7180
shaifali719@gmail.com,def,9800258840,719,7190
shaifali720@gmail.com,def,9800259560,720,7200
shaifali721@gmail.com,def,9800260281,721,7210
shaifali722@gmail.com,def,9800261003,722,7220
shaifali723@gmail.com,def,9800261726,723,7230
shaifali724@gmail.com,def,9800262450,724,7240
shaifali725@gmail.com,def,9800263175,725,7250
shaifali726@gmail.com,def,9800263901,726,7260
shaifali727@gmail.com,def,9800264628,727,7270
shaifali728@gmail.com,def,9800265356,728,7280
shaifali729@gmail.com,def,9800266085,729,7290
shaifali730@gmail.com,def,9800266815,730,7300
shaifali731@gmail.com,def,9800267546,731,7310
shaifali732@gmail.com,def,9800268278,732,7320
shaifali733@gmail.com,def,9800269011,733,7330
shaifali734@gmail.com,def,9800269745,734,7340
shaifali735@gmail.com,def,9800270480,735,7350
shaifali736@gmail.com,def,9800271216,736,7360
shaifali737@gmail.com,def,9800271953,737,7370
shaifali738@gmail.com,def,9800272691,738,7380
shaifali739@gmail.com,def,9800273430,739,7390
shaifali740@gmail.com,def,9800274170,740,7400
shaifali741@gmail.com,def,9800274911,741,7410
shaifali742@gmail.com,def,9800275653,742,7420
shaifali743@gmail.com,def,9800276396,743,7430
shaifali744@gmail.com,def,9800277140,744,7440
shaifali745@gmail.com,def,9800277885,745,7450
shaifali746@gmail.com,def,9800278631,746,7460
shaifali747@gmail.com,def,9800279378,747,7470
shaifali748@gmail.com,def,9800280126,748,7480
shaifali749@gmail.com,def,9800280875,749,7490
shaifali750@gmail.com,def,9800281625,750,7500
shaifali751@gmail.com,def,9800282376,751,7510
shaifali752@gmail.com,def,9800283128,752,7520
shaifali753@gmail.com,def,9800283881,753,7530
shaifali754@gmail.com,def,9800284635,754,7540
shaifali755@gmail.com,def,9800285390,755,7550
shaifali756@gmail.com,def,9800286146,756,7560
shaifali757@gmail.com,def,9800286903,757,7570
shaifali758@gmail.com,def,9800287661,758,7580
shaifali759@gmail.com,def,9800288420,759,7590
shaifali760@gmail.com,def,9800289180,760,7600
shaifali761@gmail.com,def,9800289941,761,7610
shaifali762@gmail.com,def,9800290703,762,7620
shaifali763@gmail.com,def,9800291466,763,7630
shaifali764@gmail.com,def,9800292230,764,7640
shaifali765@gmail.com,def,9800292995,765,7650
shaifali766@gmail.com,def,9800293761,766,7660
shaifali767@gmail.com,def,9800294528,767,7670
shaifali768@gmail.com,def,9800295296,768,7680
shaifali769@gmail.com,def,9800296065,769,7690
shaifali770@gmail.com,def,9800296835,770,7700
shaifali771@gmail.com,def,9800297606,771,7710
shaifali772@gmail.com,def,9800298378,772,7720
shaifali773@gmail.com,def,9800299151,773,7730
shaifali774@gmail.com,def,9800299925,774,7740
shaifali775@gmail.com,def,9800300700,775,7750
shaifali776@gmail.com,def,9800301476,776,7760
shaifali777@gmail.com,def,9800302253,777,7770
shaifali778@gmail.com,def,9800303031,778,7780
shaifali779@gmail.com,def,9800303810,779,7790
shaifali780@gmail.com,def,9800304590,780,7800
shaifali781@gmail.com,def,9800305371,781,7810
shaifali782@gmail.com,def,9800306153,782,7820
shaifali783@gmail.com,def,9800306936,783,7830
shaifali784@gmail.com,def,9800307720,784,7840
shaifali785@gmail.com,def,9800308505,785,7850
shaifali786@gmail.com,def,9800309291,786,7860
shaifali787@gmail.com,def,9800310078,787,7870
shaifali788@gmail.com,def,9800310866,788,7880
shaifali789@gmail.com,def,9800311655,789,7890
shaifali790@gmail.com,def,9800312445,790,7900
shaifali791@gmail.com,def,9800313236,791,7910
shaifali792@gmail.com,def,9800314028,792,7920
shaifali793@gmail.com,def,9800314821,793,7930
shaifali794@gmail.com,def,9800315615,794,7940
shaifali795@gmail.com,def,9800316410,795,7950
shaifali796@gmail.com,def,9800317206,796,7960
shaifali797@gmail.com,def,9800318003,797,7970
shaifali798@gmail.com,def,9800318801,798,7980
shaifali799@gmail.com,def,9800319600,799,7990
shaifali800@gmail.com,def,9800320400,800,8000
shaifali801@gmail.com,def,9800321201,801,8010
shaifali802@gmail.com,def,9800322003,802,8020
shaifali803@gmail.com,def,9800322806,803,8030
shaifali804@gmail.com,def,9800323610,804,8040
shaifali805@gmail.com,def,9800324415,805,8050
shaifali806@gmail.com,def,9800325221,806,8060
shaifali807@gmail.com,def,9800326028,807,8070
shaifali808@gmail.com,def,9800326836,808,8080
shaifali809@gmail.com,def,9800327645,809,8090
shaifali810@gmail.com,def,9800328455,810,8100
shaifali811@gmail.com,def,9800329266,811,8110
shaifali812@gmail.com,def,9800330078,812,8120
shaifali813@gmail.com,def,9800330891,813,8130
shaifali814@gmail.com,def,9800331705,814,8140
shaifali815@gmail.com,def,9800332520,815,8150
shaifali816@gmail.com,def,9800333336,816,8160
shaifali817@gmail.com,def,9800334153,817,8170
shaifali818@gmail.com,def,9800334971,818,8180
shaifali819@gmail.com,def,9800335790,819,8190
shaifali820@gmail.com,def,9800336610,820,8200
shaifali821@gmail.com,def,9800337431,821,8210
shaifali822@gmail.com,def,9800338253,822,8220
shaifali823@gmail.com,def,9800339076,823,8230
shaifali824@gmail.com,def,9800339900,824,8240
shaifali825@gmail.com,def,9800340725,825,8250
shaifali826@gmail.com,def,9800341551,826,8260
shaifali827@gmail.com,def,9800342378,827,8270
shaifali828@gmail.com,def,9800343206,828,8280
shaifali829@gmail.com,def,9800344035,829,8290
shaifali830@gmail.com,def,9800344865,830,8300
shaifali831@gmail.com,def,9800345696,831,8310
shaifali832@gmail.com,def,9800346528,832,8320
shaifali833@gmail.com,def,9800347361,833,8330
shaifali834@gmail.com,def,9800348195,834,8340
shaifali835@gmail.com,def,9800349030,835,8350
shaifali836@gmail.com,def,9800349866,836,8360
shaifali837@gmail.com,def,9800350703,837,8370
shaifali838@gmail.com,def,9800351541,838,8380
shaifali839@gmail.com,def,9800352380,839,8390
shaifali840@gmail.com,def,9800353220,840,8400
shaifali841@gmail.com,def,9800354061,841,8410
shaifali842@gmail.com,def,9800354903,842,8420
shaifali843@gmail.com,def,9800355746,843,8430
shaifali844@gmail.com,def,9800356590,844,8440
shaifali845@gmail.com,def,9800357435,845,8450
shaifali846@gmail.com,def,9800358281,846,8460
shaifali847@gmail.com,def,9800359128,847,8470
shaifali848@gmail.com,def,9800359976,848,8480
shaifali849@gmail.com,def,9800360825,849,8490
shaifali850@gmail.com,def,9800361675,850,8500
shaifali851@gmail.com,def,9800362526,851,8510
shaifali852@gmail.com,def,9800363378,852,8520
shaifali853@gmail.com,def,9800364231,853,8530
shaifali854@gmail.com,def,9800365085,854,8540
shaifali855@gmail.com,def,9800365940,855,8550
shaifali856@gmail.com,def,9800366796,856,8560
shaifali857@gmail.com,def,9800367653,857,8570
shaifali858@gmail.com,def,9800368511,858,8580
shaifali859@gmail.com,def,9800369370,859,8590
shaifali860@gmail.com,def,9800370230,860,8600
shaifali861@gmail.com,def,9800371091,861,8610
shaifali862@gmail.com,def,9800371953,862,8620
shaifali863@gmail.com,def,9800372816,863,8630
shaifali864@gmail.com,def,9800373680,864,8640
shaifali865@gmail.com,def,9800374545,865,8650
shaifali866@gmail.com,def,9800375411,866,8660
shaifali867@gmail.com,def,9800376278,867,8670
shaifali868@gmail.com,def,9800377146,868,8680
shaifali869@gmail.com,def,9800378015,869,8690
shaifali870@gmail.com,def,9800378885,870,8700
shaifali871@gmail.com,def,9800379756,871,8710
shaifali872@gmail.com,def,9800380628,872,8720
shaifali873@gmail.com,def,9800381501,873,8730
shaifali874@gmail.com,def,9800382375,874,8740
shaifali875@gmail.com,def,9800383250,875,8750
shaifali876@gmail.com,def,9800384126,876,8760
shaifali877@gmail.com,def,9800385003,877,8770
shaifali878@gmail.com,def,9800385881,878,8780
shaifali879@gmail.com,def,9800386760,879,8790
shaifali880@gmail.com,def,9800387640,880,8800
shaifali881@gmail.com,def,9800388521,881,8810
shaifali882@gmail.com,def,9800389403,882,8820
shaifali883@gmail.com,def,9800390286,883,8830
shaifali884@gmail.com,def,9800391170,884,8840
shaifali885@gmail.com,def,9800392055,885,8850
shaifali886@gmail.com,def,9800392941,886,8860
shaifali887@gmail.com,def,9800393828,887,8870
shaifali888@gmail.com,def,9800394716,888,8880
shaifali889@gmail.com,def,9800395605,889,8890
shaifali890@gmail.com,def,9800396495,890,8900
shaifali891@gmail.com,def,9800397386,891,8910
shaifali892@gmail.com,def,9800398278,892,8920
shaifali893@gmail.com,def,9800399171,893,8930
shaifali894@gmail.com,def,9800400065,894,8940
shaifali895@gmail.com,def,9800400960,895,8950
shaifali896@gmail.com,def,9800401856,896,8960
shaifali897@gmail.com,def,9800402753,897,8970
shaifali898@gmail.com,def,9800403651,898,8980
shaifali899@gmail.com,def,9800404550,899,8990
shaifali900@gmail.com,def,9800405450,900,9000
shaifali901@gmail.com,def,9800406351,901,9010
shaifali902@gmail.com,def,9800407253,902,9020
shaifali903@gmail.com,def,9800408156,903,9030
shaifali904@gmail.com,def,9800409060,904,9040
shaifali905@gmail.com,def,9800409965,905,9050
shaifali906@gmail.com,def,9800410871,906,9060
shaifali907@gmail.com,def,9800411778,907,9070
shaifali908@gmail.com,def,9800412686,908,9080
shaifali909@gmail.com,def,9800413595,909,9090
shaifali910@gmail.com,def,9800414505,910,9100
shaifali911@gmail.com,def,9800415416,911,9110
shaifali912@gmail.com,def,9800416328,912,9120
shaifali913@gmail.com,def,9800417241,913,9130
shaifali914@gmail.com,def,9800418155,914,9140
shaifali915@gmail.com,def,9800419070,915,9150
shaifali916@gmail.com,def,9800419986,916,9160
shaifali917@gmail.com,def,9800420903,917,9170
shaifali918@gmail.com,def,9800421821,918,9180
shaifali919@gmail.com,def,9800422740,919,9190
shaifali920@gmail.com,def,9800423660,920,9200
shaifali921@gmail.com,def,9800424581,921,9210
shaifali922@gmail.com,def,9800425503,922,9220
shaifali923@gmail.com,def,9800426426,923,9230
shaifali924@gmail.com,def,9800427350,924,9240
shaifali925@gmail.com,def,9800428275,925,9250
shaifali926@gmail.com,def,9800429201,926,9260
shaifali927@gmail.com,def,9800430128,927,9270
shaifali928@gmail.com,def,9800431056,928,9280
shaifali929@gmail.com,def,9800431985,929,9290
shaifali930@gmail.com,def,9800432915,930,9300
shaifali931@gmail.com,def,9800433846,931,9310
shaifali932@gmail.com,def,9800434778,932,9320
shaifali933@gmail.com,def,9800435711,933,9330
shaifali934@gmail.com,def,9800436645,934,9340
shaifali935@gmail.com,def,9800437580,935,9350
shaifali936@gmail.com,def,9800438516,936,9360
shaifali937@gmail.com,def,9800439453,937,9370
shaifali938@gmail.com,def,9800440391,938,9380
shaifali939@gmail.com,def,9800441330,939,9390
shaifali940@gmail.com,def,9800442270,940,9400
shaifali941@gmail.com,def,9800443211,941,9410
shaifali942@gmail.com,def,9800444153,942,9420
shaifali943@gmail.com,def,9800445096,943,9430
shaifali944@gmail.com,def,9800446040,944,9440
shaifali945@gmail.com,def,9800446985,945,9450
shaifali946@gmail.com,def,9800447931,946,9460
shaifali947@gmail.com,def,9800448878,947,9470
shaifali948@gmail.com,def,9800449826,948,9480
shaifali949@gmail.com,def,9800450775,949,9490
shaifali950@gmail.com,def,9800451725,950,9500
shaifali951@gmail.com,def,9800452676,951,9510
shaifali952@gmail.com,def,9800453628,952,9520
shaifali953@gmail.com,def,9800454581,953,9530
shaifali954@gmail.com,def,9800455535,954,9540
shaifali955@gmail.com,def,9800456490,955,9550
shaifali956@gmail.com,def,9800457446,956,9560
shaifali957@gmail.com,def,9800458403,957,9570
shaifali958@gmail.com,def,9800459361,958,9580
shaifali959@gmail.com,def,9800460320,959,9590
shaifali960@gmail.com,def,9800461280,960,9600
shaifali961@gmail.com,def,9800462241,961,9610
shaifali962@gmail.com,def,9800463203,962,9620
shaifali963@gmail.com,def,9800464166,963,9630
shaifali964@gmail.com,def,9800465130,964,9640
shaifali965@gmail.com,def,9800466095,965,9650
shaifali966@gmail.com,def,9800467061,966,9660
shaifali967@gmail.com,def,9800468028,967,9670
shaifali968@gmail.com,def,9800468996,968,9680
shaifali969@gmail.com,def,9800469965,969,9690
shaifali970@gmail.com,def,9800470935,970,9700
shaifali971@gmail.com,def,9800471906,971,9710
shaifali972@gmail.com,def,9800472878,972,9720
shaifali973@gmail.com,def,9800473851,973,9730
shaifali974@gmail.com,def,9800474825,974,9740
shaifali975@gmail.com,def,9800475800,975,9750
shaifali976@gmail.com,def,9800476776,976,9760
shaifali977@gmail.com,def,9800477753,977,9770
shaifali978@gmail.com,def,9800478731,978,9780
shaifali979@gmail.com,def,9800479710,979,9790
shaifali980@gmail.com,def,9800480690,980,9800
shaifali981@gmail.com,def,9800481671,981,9810
shaifali982@gmail.com,def,9800482653,982,9820
shaifali983@gmail.com,def,9800483636,983,9830
shaifali984@gmail.com,def,9800484620,984,9840
shaifali985@gmail.com,def,9800485605,985,9850
shaifali986@gmail.com,def,9800486591,986,9860
shaifali987@gmail.com,def,9800487578,987,9870
shaifali988@gmail.com,def,9800488566,988,9880
shaifali989@gmail.com,def,9800489555,989,9890
shaifali990@gmail.com,def,9800490545,990,9900
shaifali991@gmail.com,def,9800491536,991,9910
shaifali992@gmail.com,def,9800492528,992,9920
shaifali993@gmail.com,def,9800493521,993,9930
shaifali994@gmail.com,def,9800494515,994,9940
shaifali995@gmail.com,def,9800495510,995,9950
shaifali996@gmail.com,def,9800496506,996,9960
shaifali997@gmail.com,def,9800497503,997,9970
shaifali998@gmail.com,def,9800498501,998,9980
shaifali999@gmail.com,def,9800499500,999,9990
